route,performance_proxy,technical_seo,aeo,geo,html_gzip_kb,js_gzip_kb,css_gzip_kb,dom_nodes,estimated_requests,title,notes
"/","85","94","90","88","18.8","181.5","74.2","1600","98","Food Ingredients Supplier in Chennai | Vikranth Chemical","CSS budget exceeded; No freshness signal"
"/404","100","87","33","49","3.7","144.3","30.5","53","9","404: This page could not be found.","No FAQ schema; No freshness signal"
"/404/","100","87","33","49","3.7","144.3","30.5","53","9","404: This page could not be found.","No FAQ schema; No freshness signal"
"/about/","90","100","100","88","15","219.7","75.3","1021","64","About Vikranth | Food Ingredient Supplier in Chennai","JS budget exceeded; CSS budget exceeded; No freshness signal"
"/associates/","84","100","95","88","19.1","217.5","73.8","1027","61","Food Ingredient Manufacturers &amp; Suppliers | Vikranth","JS budget exceeded; CSS budget exceeded; No freshness signal"
"/associates/anchor/","92","100","100","88","21.9","203.1","76.8","1041","57","Anchor Food Ingredients Chennai | Vikranth","CSS budget exceeded; No freshness signal"
"/associates/calpro-specialities-pvt-ltd/","90","100","93","88","20.2","203.1","76.8","1001","65","Calpro Ingredients Supplier Chennai &amp; India | Vikranth","CSS budget exceeded; No freshness signal"
"/associates/campco/","90","100","100","88","21.5","203.1","76.8","1012","57","CAMPCO Cocoa Supplier in Chennai &amp; India | Vikranth","CSS budget exceeded; No freshness signal"
"/associates/cp-kelco/","90","100","100","88","19.6","203.1","76.8","950","60","CP Kelco Hydrocolloid Supplier Chennai | Vikranth","CSS budget exceeded; No freshness signal"
"/associates/delta-nutritives/","87","100","100","100","58.5","203.1","76.8","1562","69","Delta Nutritives Supplier Chennai &amp; India | Vikranth","HTML budget exceeded; CSS budget exceeded; No freshness signal"
"/associates/delta-nutritives/mec3/almond/","93","100","100","94","14.9","169.5","68.7","837","47","Almond - MEC3 Products | Vikranth","CSS budget exceeded; No freshness signal"
"/associates/delta-nutritives/mec3/base-for-alcohol-gelato/","93","100","100","94","15","169.5","68.7","836","47","Base for Alcohol Gelato - MEC3 Products | Vikranth","CSS budget exceeded; No freshness signal"
"/associates/delta-nutritives/mec3/base-for-fruit-gelato/","93","100","100","100","15.6","169.5","68.7","861","47","Base for Fruit Gelato - MEC3 Products | Vikranth","CSS budget exceeded; No freshness signal"
"/associates/delta-nutritives/mec3/base-for-milk-gelato/","93","100","100","100","15.6","169.5","68.7","861","47","Base for Milk Gelato - MEC3 Products | Vikranth","CSS budget exceeded; No freshness signal"
"/associates/delta-nutritives/mec3/chocolate-products/","93","100","100","100","15.6","169.5","68.7","861","47","Chocolate Products - MEC3 Products | Vikranth","CSS budget exceeded; No freshness signal"
"/associates/delta-nutritives/mec3/concentrated-fruit-pastes/","93","100","100","100","17.2","169.5","68.7","979","47","Concentrated Fruit Pastes - MEC3 Products | Vikranth","CSS budget exceeded; No freshness signal"
"/associates/delta-nutritives/mec3/cookies-range/","93","100","100","100","15.6","169.5","68.7","867","47","Cookies Range - MEC3 Products | Vikranth","CSS budget exceeded; No freshness signal"
"/associates/delta-nutritives/mec3/copertura-chocolate-dips/","93","100","100","100","16","169.5","68.7","873","47","Copertura Chocolate Dips - MEC3 Products | Vikranth","CSS budget exceeded; No freshness signal"
"/associates/delta-nutritives/mec3/flavours-premium-milk-ice-cream/","93","100","100","100","16","169.5","68.7","873","47","Flavours for Premium Milk Ice Cream - MEC3 Products | Vikranth","CSS budget exceeded; No freshness signal"
"/associates/delta-nutritives/mec3/granfrutta-range/","93","100","100","100","16.4","169.5","68.7","895","47","Granfrutta Range - MEC3 Products | Vikranth","CSS budget exceeded; No freshness signal"
"/associates/delta-nutritives/mec3/healthy-range/","93","100","100","100","15.7","169.5","68.7","861","47","Healthy Range - MEC3 Products | Vikranth","CSS budget exceeded; No freshness signal"
"/associates/delta-nutritives/mec3/other-flavours/","93","100","100","100","16.5","169.5","68.7","910","47","Other Flavours - MEC3 Products | Vikranth","CSS budget exceeded; No freshness signal"
"/associates/delta-nutritives/mec3/pistachio/","93","100","100","100","15.6","169.5","68.7","861","47","Pistachio - MEC3 Products | Vikranth","CSS budget exceeded; No freshness signal"
"/associates/delta-nutritives/mec3/powder-products/","93","100","100","100","15.7","169.5","68.7","867","47","Powder Products - MEC3 Products | Vikranth","CSS budget exceeded; No freshness signal"
"/associates/delta-nutritives/mec3/quella/","93","100","100","100","16.7","169.5","68.7","936","47","Quella - MEC3 Products | Vikranth","CSS budget exceeded; No freshness signal"
"/associates/delta-nutritives/mec3/toppings-variegato/","93","100","100","100","16.6","169.5","68.7","910","47","Toppings (Variegato) - MEC3 Products | Vikranth","CSS budget exceeded; No freshness signal"
"/associates/delta-nutritives/mec3/vanilla/","93","100","100","94","15.2","169.5","68.7","843","47","Vanilla - MEC3 Products | Vikranth","CSS budget exceeded; No freshness signal"
"/associates/doehler/","90","94","100","88","19","203.1","76.8","923","57","Döhler Ingredients Supplier Chennai &amp; India | Vikranth","CSS budget exceeded; No freshness signal"
"/associates/fine-organics/","90","100","100","88","19.6","203.1","76.8","955","61","Fine Organics Emulsifier Supplier Chennai | Vikranth","CSS budget exceeded; No freshness signal"
"/associates/gujarat-ambuja-exports-ltd/","90","100","93","88","19.1","203.1","76.8","926","58","Gujarat Ambuja Ingredients Supplier Chennai | Vikranth","CSS budget exceeded; No freshness signal"
"/associates/nitta-gelatin-india-ltd/","90","100","93","88","19.4","203.1","76.8","944","60","Nitta Gelatin Supplier Chennai &amp; India | Vikranth","CSS budget exceeded; No freshness signal"
"/associates/paramesu-biotech-ltd/","90","100","93","88","19.6","203.1","76.8","955","61","Paramesu Maize Starch Supplier Chennai | Vikranth","CSS budget exceeded; No freshness signal"
"/associates/roquette/","90","100","100","88","20","203.1","76.8","991","64","Roquette Ingredients Supplier Chennai &amp; India | Vikranth","CSS budget exceeded; No freshness signal"
"/associates/shree-gluco-biotech-pvt-ltd/","90","100","93","88","19.6","203.1","76.8","955","61","Shree Gluco Ingredients Supplier Chennai | Vikranth","CSS budget exceeded; No freshness signal"
"/brochure/","94","100","100","88","16.4","186.1","75.3","921","48","Food Ingredient Product Brochure | Vikranth Chennai","CSS budget exceeded; No freshness signal"
"/contact/","89","100","100","88","17.6","215.2","90.5","964","53","Contact Food Ingredients Supplier Chennai | Vikranth","JS budget exceeded; CSS budget exceeded; No freshness signal"
"/faq/","100","96","95","78","5.4","144.3","30.5","108","9","Food Ingredient Supply FAQs | Vikranth","No freshness signal"
"/industries/","81","100","100","88","17.4","169.7","68.7","959","60","Food Ingredient Industries We Supply | Vikranth Chennai","CSS budget exceeded; No freshness signal"
"/industries/bakery-ingredients/","82","100","100","88","28.7","176","68.7","1136","57","Bakery Ingredients Supplier in Chennai | Vikranth","CSS budget exceeded; No freshness signal"
"/industries/beverage-ingredients/","85","100","100","88","22.3","176","68.7","1047","52","Beverage Ingredients Supplier in Chennai | Vikranth","CSS budget exceeded; No freshness signal"
"/industries/chocolate-confectionery/","83","100","100","88","28.9","176","68.7","1079","55","Chocolate Ingredients Supplier Chennai | Vikranth","CSS budget exceeded; No freshness signal"
"/industries/dairy-ingredients/","85","100","100","88","21.7","176","68.7","1022","52","Dairy Ingredients Supplier in Chennai | Vikranth","CSS budget exceeded; No freshness signal"
"/industries/food-additives-preservatives/","85","100","100","88","22.6","176","68.7","1038","52","Food Additives Supplier in Chennai | Vikranth","CSS budget exceeded; No freshness signal"
"/industries/fruit-processing/","84","100","100","88","24.8","176","68.7","1051","54","Fruit Processing Ingredients Supplier Chennai | Vikranth","CSS budget exceeded; No freshness signal"
"/industries/functional-ingredients/","82","100","100","88","22.8","176","68.7","1049","56","Functional Food Ingredients Supplier Chennai | Vikranth","CSS budget exceeded; No freshness signal"
"/industries/hydrocolloids-stabilizers/","85","100","100","88","19.7","176","68.7","994","52","Hydrocolloid &amp; Stabilizer Supplier Chennai | Vikranth","CSS budget exceeded; No freshness signal"
"/industries/ice-cream-ingredients/","85","100","100","88","35.8","176","68.7","1033","53","Ice Cream Ingredients Supplier Chennai | Vikranth","CSS budget exceeded; No freshness signal"
"/industries/nutraceutical-pharma/","85","100","100","88","20.4","176","68.7","995","52","Nutraceutical Ingredients Supplier Chennai | Vikranth","CSS budget exceeded; No freshness signal"
"/industries/sweeteners-syrups-starches/","83","100","100","88","21.1","176","68.7","1044","55","Sweetener, Syrup &amp; Starch Supplier Chennai | Vikranth","CSS budget exceeded; No freshness signal"
"/privacy/","96","100","63","88","13.9","169.9","68.7","784","45","Privacy Policy | Vikranth Chemical Corporation","CSS budget exceeded; No FAQ schema"
"/products/","73","100","100","88","22.1","230.1","71.3","1863","141","Food Ingredient Products in Chennai &amp; India | Vikranth","JS budget exceeded; CSS budget exceeded; No freshness signal"
"/products/acai-puree/","92","100","100","88","18.8","169.5","68.7","932","47","Acai Puree Supplier in Chennai | Vikranth","CSS budget exceeded; No freshness signal"
"/products/acesulfame-k/","92","100","100","88","18.9","169.5","68.7","929","47","Acesulfame K Supplier in Chennai | Vikranth","CSS budget exceeded; No freshness signal"
"/products/acetic-acid/","92","100","100","88","18.9","169.5","68.7","929","47","Acetic Acid Supplier in Chennai | Vikranth","CSS budget exceeded; No freshness signal"
"/products/alto-el-sol/","92","100","100","88","18.8","169.5","68.7","931","47","Alto El Sol (65%) Supplier in Chennai | Vikranth","CSS budget exceeded; No freshness signal"
"/products/alunga-milk-organic/","92","100","100","88","18.9","169.5","68.7","932","47","Alunga Milk Organic (41%) Supplier in Chennai | Vikranth","CSS budget exceeded; No freshness signal"
"/products/amaze-ice-cream-stabilizer/","92","100","100","88","19","169.5","68.7","932","47","Amaze Ice Cream Stabilizer Supplier in Chennai | Vikranth","CSS budget exceeded; No freshness signal"
"/products/ammonium-bicarbonate/","92","100","100","88","18.9","169.5","68.7","929","47","Ammonium Bicarbonate Supplier in Chennai | Vikranth","CSS budget exceeded; No freshness signal"
"/products/apple-cinnamon-filling/","92","100","100","94","18.8","169.5","68.7","932","47","Apple Cinnamon Filling Supplier in Chennai | Vikranth","CSS budget exceeded; No freshness signal"
"/products/apple-filling/","92","100","100","94","18.8","169.5","68.7","932","47","Apple Filling Supplier in Chennai | Vikranth","CSS budget exceeded; No freshness signal"
"/products/apple-puree/","92","100","100","88","18.8","169.5","68.7","932","47","Apple Puree Supplier in Chennai | Vikranth","CSS budget exceeded; No freshness signal"
"/products/apricot-puree/","92","100","100","88","18.8","169.5","68.7","932","47","Apricot Puree Supplier in Chennai | Vikranth","CSS budget exceeded; No freshness signal"
"/products/arriba-single-origin/","94","100","100","88","18.8","169.5","68.7","931","47","Arriba Single Origin (39%) Supplier in Chennai | Vikranth","CSS budget exceeded; No freshness signal"
"/products/ascorbic-acid/","92","100","100","88","18.9","169.5","68.7","929","47","Ascorbic Acid Supplier in Chennai | Vikranth","CSS budget exceeded; No freshness signal"
"/products/aspartame/","92","100","100","88","18.9","169.5","68.7","929","47","Aspartame Powder Supplier in Chennai | Vikranth","CSS budget exceeded; No freshness signal"
"/products/azurro-cielo/","92","100","100","94","18.9","169.5","68.7","935","47","Azurro Cielo Supplier in Chennai | Vikranth","CSS budget exceeded; No freshness signal"
"/products/bakers-cream-cinnamon/","92","100","100","94","18.8","169.5","68.7","932","47","Bakers Cream Cinnamon Supplier in Chennai | Vikranth","CSS budget exceeded; No freshness signal"
"/products/bakers-cream-vanilla/","92","100","100","94","18.8","169.5","68.7","932","47","Bakers Cream Vanilla Supplier in Chennai | Vikranth","CSS budget exceeded; No freshness signal"
"/products/baking-powder/","92","100","100","88","18.9","169.5","68.7","932","47","Baking Powder Supplier in Chennai | Vikranth","CSS budget exceeded; No freshness signal"
"/products/baklava-paste/","92","100","100","88","18.8","169.5","68.7","932","47","Baklava Paste Supplier in Chennai | Vikranth","CSS budget exceeded; No freshness signal"
"/products/baklava-pistachio-cream/","92","100","100","88","18.8","169.5","68.7","932","47","Baklava Pistachio Cream Supplier in Chennai | Vikranth","CSS budget exceeded; No freshness signal"
"/products/baklava-walnut-cream/","92","100","100","88","18.8","169.5","68.7","932","47","Baklava Walnut Cream Supplier in Chennai | Vikranth","CSS budget exceeded; No freshness signal"
"/products/banana-filling/","92","100","100","94","18.8","169.5","68.7","932","47","Banana Filling Supplier in Chennai | Vikranth","CSS budget exceeded; No freshness signal"
"/products/banana-puree/","92","100","100","88","18.8","169.5","68.7","932","47","Banana Puree Supplier in Chennai | Vikranth","CSS budget exceeded; No freshness signal"
"/products/banana-with-pieces/","92","100","100","94","18.9","169.5","68.7","935","47","Banana with Pieces Supplier in Chennai | Vikranth","CSS budget exceeded; No freshness signal"
"/products/banana/","92","100","100","94","18.9","169.5","68.7","935","47","Banana Supplier in Chennai | Vikranth","CSS budget exceeded; No freshness signal"
"/products/barazek-cream/","92","100","100","88","18.8","169.5","68.7","932","47","Barazek Cream Supplier in Chennai | Vikranth","CSS budget exceeded; No freshness signal"
"/products/base-50/","92","100","100","94","18.9","169.5","68.7","935","47","Base 50 Supplier in Chennai | Vikranth","CSS budget exceeded; No freshness signal"
"/products/base-6/","92","100","100","94","18.9","169.5","68.7","935","47","Base 6 Supplier in Chennai | Vikranth","CSS budget exceeded; No freshness signal"
"/products/base-alba/","92","100","100","94","18.9","169.5","68.7","935","47","Base Alba Supplier in Chennai | Vikranth","CSS budget exceeded; No freshness signal"
"/products/base-divina/","92","100","100","94","18.9","169.5","68.7","935","47","Base Divina Supplier in Chennai | Vikranth","CSS budget exceeded; No freshness signal"
"/products/base-frutta-frutta/","92","100","100","88","18.9","169.5","68.7","931","47","Base Frutta Frutta Supplier in Chennai | Vikranth","CSS budget exceeded; No freshness signal"
"/products/base-g-menomeno/","92","100","100","94","18.9","169.5","68.7","934","47","Base G Menomeno Supplier in Chennai | Vikranth","CSS budget exceeded; No freshness signal"
"/products/base-vegan/","92","100","100","94","18.9","169.5","68.7","935","47","Base Vegan Supplier in Chennai | Vikranth","CSS budget exceeded; No freshness signal"
"/products/best-brown-bread-mix/","92","100","100","88","19","169.5","68.7","932","47","Best Brown Bread Mix Supplier in Chennai | Vikranth","CSS budget exceeded; No freshness signal"
"/products/biscottino-paste/","92","100","100","94","18.9","169.5","68.7","935","47","Biscottino Paste (Biscuit) Supplier in Chennai | Vikranth","CSS budget exceeded; No freshness signal"
"/products/biscuit-enhancer/","92","100","100","88","18.9","169.5","68.7","932","47","Biscuit Enhancer Supplier in Chennai | Vikranth","CSS budget exceeded; No freshness signal"
"/products/black-cocoa-powder/","92","100","100","88","19","169.5","68.7","929","47","Black Cocoa Powder Supplier in Chennai | Vikranth","CSS budget exceeded; No freshness signal"
"/products/black-currant-frozen/","92","100","100","88","18.8","169.5","68.7","932","47","Black Currant Frozen Supplier in Chennai | Vikranth","CSS budget exceeded; No freshness signal"
"/products/black-currant/","92","100","100","94","18.9","169.5","68.7","934","47","Black Currant Supplier in Chennai | Vikranth","CSS budget exceeded; No freshness signal"
"/products/blackberry-frozen/","92","100","100","88","18.8","169.5","68.7","931","47","Blackberry Frozen Supplier in Chennai | Vikranth","CSS budget exceeded; No freshness signal"
"/products/blackberry-puree/","92","100","100","88","18.8","169.5","68.7","931","47","Blackberry Puree Supplier in Chennai | Vikranth","CSS budget exceeded; No freshness signal"
"/products/blanc-satin/","92","100","93","88","18.8","169.5","68.7","932","47","Blanc Satin (29.2%) Supplier in Chennai | Vikranth","CSS budget exceeded; No freshness signal"
"/products/blueberry-filling/","92","100","100","94","18.8","169.5","68.7","931","47","Blueberry Filling Supplier in Chennai | Vikranth","CSS budget exceeded; No freshness signal"
"/products/blueberry-frozen/","92","100","100","88","18.8","169.5","68.7","931","47","Blueberry Frozen Supplier in Chennai | Vikranth","CSS budget exceeded; No freshness signal"
"/products/blueberry-puree/","92","100","100","88","18.8","169.5","68.7","932","47","Blueberry Puree Supplier in Chennai | Vikranth","CSS budget exceeded; No freshness signal"
"/products/blueberry/","92","100","100","94","18.9","169.5","68.7","935","47","Blueberry Supplier in Chennai | Vikranth","CSS budget exceeded; No freshness signal"
"/products/boiron-blackberry-puree/","92","100","100","88","18.8","169.5","68.7","932","47","Boiron Blackberry Puree Supplier in Chennai | Vikranth","CSS budget exceeded; No freshness signal"
"/products/boiron-coconut-puree/","92","100","100","88","18.8","169.5","68.7","932","47","Boiron Coconut Puree Supplier in Chennai | Vikranth","CSS budget exceeded; No freshness signal"
"/products/boiron-mango-puree/","92","100","100","88","18.9","169.5","68.7","931","47","Boiron Mango Puree Supplier in Chennai | Vikranth","CSS budget exceeded; No freshness signal"
"/products/boiron-pineapple-puree/","92","100","100","88","18.8","169.5","68.7","932","47","Boiron Pineapple Puree Supplier in Chennai | Vikranth","CSS budget exceeded; No freshness signal"
"/products/boiron-raspberry-puree/","92","100","100","88","18.8","169.5","68.7","932","47","Boiron Raspberry Puree Supplier in Chennai | Vikranth","CSS budget exceeded; No freshness signal"
"/products/boiron-strawberry-puree/","92","100","100","88","18.8","169.5","68.7","932","47","Boiron Strawberry Puree Supplier in Chennai | Vikranth","CSS budget exceeded; No freshness signal"
"/products/boric-acid/","92","100","100","88","18.9","169.5","68.7","929","47","Boric Acid Supplier in Chennai | Vikranth","CSS budget exceeded; No freshness signal"
"/products/bread-yield-improver/","92","100","100","88","19","169.5","68.7","932","47","Bread Yield Improver Supplier in Chennai | Vikranth","CSS budget exceeded; No freshness signal"
"/products/bubbly/","92","100","100","94","18.9","169.5","68.7","935","47","Bubbly Supplier in Chennai | Vikranth","CSS budget exceeded; No freshness signal"
"/products/cake-gel/","92","100","100","88","18.8","169.5","68.7","932","47","Cake Gel Supplier in Chennai | Vikranth","CSS budget exceeded; No freshness signal"
"/products/cake-life/","92","100","100","88","19","169.5","68.7","931","47","Cake Life Supplier in Chennai | Vikranth","CSS budget exceeded; No freshness signal"
"/products/cake-syrup/","92","100","100","88","18.9","169.5","68.7","931","47","Cake Syrup Supplier in Chennai | Vikranth","CSS budget exceeded; No freshness signal"
"/products/calcium-carbonate/","92","100","100","88","18.9","169.5","68.7","929","47","Calcium Carbonate Supplier in Chennai | Vikranth","CSS budget exceeded; No freshness signal"
"/products/calcium-chloride/","92","100","100","88","18.9","169.5","68.7","929","47","Calcium Chloride Supplier in Chennai | Vikranth","CSS budget exceeded; No freshness signal"
"/products/calcium-gluconate/","92","100","100","88","18.9","169.5","68.7","929","47","Calcium Gluconate Supplier in Chennai | Vikranth","CSS budget exceeded; No freshness signal"
"/products/calcium-propionate/","92","100","100","88","19","169.5","68.7","932","47","Calcium Propionate (CP) Supplier in Chennai | Vikranth","CSS budget exceeded; No freshness signal"
"/products/cappuccino-paste/","92","100","100","88","18.8","169.5","68.7","931","47","Cappuccino Paste Supplier in Chennai | Vikranth","CSS budget exceeded; No freshness signal"
"/products/cara-crakine/","92","100","100","94","18.7","169.5","68.7","932","47","Cara Crakine Supplier in Chennai | Vikranth","CSS budget exceeded; No freshness signal"
"/products/caramel-fill/","92","100","100","94","18.7","169.5","68.7","932","47","Caramel Fill Supplier in Chennai | Vikranth","CSS budget exceeded; No freshness signal"
"/products/caramel/","92","100","100","94","18.9","169.5","68.7","935","47","Caramel Supplier in Chennai | Vikranth","CSS budget exceeded; No freshness signal"
"/products/cb-grand-caraque-100-cocoa-mass/","92","100","100","94","18.8","169.5","68.7","932","47","CB Grand Caraque 100% Cocoa Mass Supplier in Chennai | Vikranth","CSS budget exceeded; No freshness signal"
"/products/celebre-fruit-purees/","92","100","100","88","18.8","169.5","68.7","932","47","Celebre Fruit Purees Supplier in Chennai | Vikranth","CSS budget exceeded; No freshness signal"
"/products/celebre-iqf-fruits/","92","100","100","88","18.8","169.5","68.7","931","47","Celebre IQF Fruits Supplier in Chennai | Vikranth","CSS budget exceeded; No freshness signal"
"/products/cheese-cake-base/","92","100","100","94","18.9","169.5","68.7","934","47","Cheese Cake Base Supplier in Chennai | Vikranth","CSS budget exceeded; No freshness signal"
"/products/cherry-mania-paste/","92","100","100","94","18.9","169.5","68.7","935","47","Cherry Mania Paste Supplier in Chennai | Vikranth","CSS budget exceeded; No freshness signal"
"/products/choco-paste/","92","100","100","88","18.8","169.5","68.7","932","47","Choco Paste Supplier in Chennai | Vikranth","CSS budget exceeded; No freshness signal"
"/products/chocolate-drink/","92","100","100","88","18.8","169.5","68.7","932","47","Chocolate Drink Supplier in Chennai | Vikranth","CSS budget exceeded; No freshness signal"
"/products/chocolate-madagasca-powder/","92","100","100","94","18.9","169.5","68.7","935","47","Chocolate Madagasca-Powder Supplier in Chennai | Vikranth","CSS budget exceeded; No freshness signal"
"/products/citric-acid-anhydrous/","92","100","100","88","19","169.5","68.7","929","47","Citric Acid Anhydrous Supplier in Chennai | Vikranth","CSS budget exceeded; No freshness signal"
"/products/citric-acid-monohydrate/","92","100","100","88","19","169.5","68.7","929","47","Citric Acid Monohydrate Supplier in Chennai | Vikranth","CSS budget exceeded; No freshness signal"
"/products/classic-cake-mix-range/","92","100","100","88","18.9","169.5","68.7","932","47","Classic Cake Mix Range Supplier in Chennai | Vikranth","CSS budget exceeded; No freshness signal"
"/products/clearam-ch-20-20/","92","100","100","88","19","169.5","68.7","929","47","CLEARAM® CH 20 20 Supplier in Chennai | Vikranth","CSS budget exceeded; No freshness signal"
"/products/cocoa-butter/","92","100","100","88","18.8","169.5","68.7","932","47","Cocoa Butter Supplier in Chennai | Vikranth","CSS budget exceeded; No freshness signal"
"/products/cocoa-mass/","92","100","100","88","18.8","169.5","68.7","931","47","Cocoa Mass Supplier in Chennai | Vikranth","CSS budget exceeded; No freshness signal"
"/products/cocoa-miscela/","92","100","100","94","18.9","169.5","68.7","935","47","Cocoa Miscela Supplier in Chennai | Vikranth","CSS budget exceeded; No freshness signal"
"/products/cocoa-nibs/","92","100","100","94","18.7","169.5","68.7","932","47","Cocoa Nibs Supplier in Chennai | Vikranth","CSS budget exceeded; No freshness signal"
"/products/cocoa-powder/","90","100","100","88","18.9","169.5","68.7","937","48","Cocoa Powder Supplier in Chennai | Vikranth","CSS budget exceeded; No freshness signal"
"/products/coconut-filling/","92","100","100","94","18.8","169.5","68.7","932","47","Coconut Filling Supplier in Chennai | Vikranth","CSS budget exceeded; No freshness signal"
"/products/coconut-puree/","92","100","100","88","18.8","169.5","68.7","932","47","Coconut Puree Supplier in Chennai | Vikranth","CSS budget exceeded; No freshness signal"
"/products/coconut/","92","100","100","94","18.9","169.5","68.7","935","47","Coconut Supplier in Chennai | Vikranth","CSS budget exceeded; No freshness signal"
"/products/coffee-extract/","92","100","100","94","18.9","169.5","68.7","934","47","Coffee Extract Supplier in Chennai | Vikranth","CSS budget exceeded; No freshness signal"
"/products/coffee-lyophilized/","92","100","100","94","18.9","169.5","68.7","935","47","Coffee Lyophilized Supplier in Chennai | Vikranth","CSS budget exceeded; No freshness signal"
"/products/cookies-black-variegato/","92","100","100","94","18.9","169.5","68.7","935","47","Cookies Black Variegato Supplier in Chennai | Vikranth","CSS budget exceeded; No freshness signal"
"/products/cookies-black/","92","100","100","94","18.9","169.5","68.7","935","47","Cookies Black Supplier in Chennai | Vikranth","CSS budget exceeded; No freshness signal"
"/products/cookies-caramel/","92","100","100","94","18.9","169.5","68.7","934","47","Cookies Caramel Supplier in Chennai | Vikranth","CSS budget exceeded; No freshness signal"
"/products/cookies-spicy/","92","100","100","94","18.9","169.5","68.7","935","47","Cookies Spicy Supplier in Chennai | Vikranth","CSS budget exceeded; No freshness signal"
"/products/cookies-variegato/","92","100","100","94","18.9","169.5","68.7","934","47","Cookies Variegato Supplier in Chennai | Vikranth","CSS budget exceeded; No freshness signal"
"/products/cop-caramello-tipo/","92","100","93","94","18.9","169.5","68.7","935","47","Cop. Caramello Tipo Supplier in Chennai | Vikranth","CSS budget exceeded; No freshness signal"
"/products/cop-fondente-tipo/","92","100","93","94","18.9","169.5","68.7","935","47","Cop. Fondente Tipo Supplier in Chennai | Vikranth","CSS budget exceeded; No freshness signal"
"/products/cop-fragola-tipo/","92","100","93","94","18.9","169.5","68.7","935","47","Cop. Fragola Tipo Supplier in Chennai | Vikranth","CSS budget exceeded; No freshness signal"
"/products/cop-limone-tipo/","92","100","93","94","18.9","169.5","68.7","934","47","Cop. Limone Tipo Supplier in Chennai | Vikranth","CSS budget exceeded; No freshness signal"
"/products/cop-nocciola-tipo/","92","100","93","94","18.9","169.5","68.7","935","47","Cop. Nocciola Tipo Supplier in Chennai | Vikranth","CSS budget exceeded; No freshness signal"
"/products/cop-pistachio-tipo/","92","100","93","94","18.9","169.5","68.7","935","47","Cop. Pistachio Tipo Supplier in Chennai | Vikranth","CSS budget exceeded; No freshness signal"
"/products/copertura-caramello/","92","100","100","88","18.9","169.5","68.7","931","47","Copertura Caramello Supplier in Chennai | Vikranth","CSS budget exceeded; No freshness signal"
"/products/copertura-fondente/","92","100","100","88","18.9","169.5","68.7","931","47","Copertura Fondente Supplier in Chennai | Vikranth","CSS budget exceeded; No freshness signal"
"/products/copertura-fragola/","92","100","100","88","18.9","169.5","68.7","931","47","Copertura Fragola Supplier in Chennai | Vikranth","CSS budget exceeded; No freshness signal"
"/products/copertura-limone/","92","100","100","88","18.9","169.5","68.7","931","47","Copertura Limone Supplier in Chennai | Vikranth","CSS budget exceeded; No freshness signal"
"/products/copertura-nocciola/","92","100","100","88","18.9","169.5","68.7","931","47","Copertura Nocciola Supplier in Chennai | Vikranth","CSS budget exceeded; No freshness signal"
"/products/copertura-pistachio/","92","100","100","88","18.9","169.5","68.7","931","47","Copertura Pistachio Supplier in Chennai | Vikranth","CSS budget exceeded; No freshness signal"
"/products/corman-dairy-butter-82/","92","100","100","88","18.9","169.5","68.7","932","47","Corman Dairy Butter 82% Supplier in Chennai | Vikranth","CSS budget exceeded; No freshness signal"
"/products/corman-sculpture-whipping-speciality/","92","94","100","88","19","169.5","68.7","932","47","Corman Sculpture Whipping Speciality Supplier in Chennai | Vikranth","CSS budget exceeded; No freshness signal"
"/products/covering-stracciatella/","92","100","100","94","18.9","169.5","68.7","935","47","Covering Stracciatella Supplier in Chennai | Vikranth","CSS budget exceeded; No freshness signal"
"/products/cranberries-frozen/","92","100","100","88","18.8","169.5","68.7","931","47","Cranberries Frozen Supplier in Chennai | Vikranth","CSS budget exceeded; No freshness signal"
"/products/crema-cacao-paste/","92","100","100","94","18.9","169.5","68.7","934","47","Crema Cacao-paste Supplier in Chennai | Vikranth","CSS budget exceeded; No freshness signal"
"/products/crema-chocomilky/","92","100","100","88","18.9","169.5","68.7","932","47","Crema Chocomilky Supplier in Chennai | Vikranth","CSS budget exceeded; No freshness signal"
"/products/croissant-eggless-30-g/","92","100","100","100","18.9","169.5","68.7","932","47","Croissant Eggless 30 g Supplier in Chennai | Vikranth","CSS budget exceeded; No freshness signal"
"/products/croissant-eggless-50-g/","92","100","100","100","18.9","169.5","68.7","932","47","Croissant Eggless 50 g Supplier in Chennai | Vikranth","CSS budget exceeded; No freshness signal"
"/products/croissant-eggless-70-g/","92","100","100","100","18.9","169.5","68.7","932","47","Croissant Eggless 70 g Supplier in Chennai | Vikranth","CSS budget exceeded; No freshness signal"
"/products/crokky/","92","100","100","94","18.9","169.5","68.7","935","47","Crokky Supplier in Chennai | Vikranth","CSS budget exceeded; No freshness signal"
"/products/custard-powder/","92","100","100","88","19","169.5","68.7","932","47","Custard Powder Supplier in Chennai | Vikranth","CSS budget exceeded; No freshness signal"
"/products/dark-cherry-filling/","92","100","100","94","18.8","169.5","68.7","931","47","Dark Cherry Filling Supplier in Chennai | Vikranth","CSS budget exceeded; No freshness signal"
"/products/dark-chips/","92","100","100","88","18.8","169.5","68.7","932","47","Dark Chips Supplier in Chennai | Vikranth","CSS budget exceeded; No freshness signal"
"/products/dark-chocolate-coated-cereals/","92","100","100","94","18.9","169.5","68.7","932","47","Dark Chocolate Coated Cereals Supplier in Chennai | Vikranth","CSS budget exceeded; No freshness signal"
"/products/dark-chocolate-malchoc-dark-53-9/","92","94","93","88","18.9","169.5","68.7","932","47","Dark Chocolate (MALCHOC - Dark 53.9%) Supplier in Chennai | Vikranth","CSS budget exceeded; No freshness signal"
"/products/dark-chocolate/","92","100","100","88","18.8","169.5","68.7","932","47","Dark Chocolate Supplier in Chennai | Vikranth","CSS budget exceeded; No freshness signal"
"/products/dark-chocomass/","92","100","100","88","18.8","169.5","68.7","932","47","Dark Chocomass Supplier in Chennai | Vikranth","CSS budget exceeded; No freshness signal"
"/products/dark-couverture-70-30/","94","100","93","94","18.9","169.5","68.7","933","47","Dark Couverture 70-30 (70.5%) Supplier in Chennai | Vikranth","CSS budget exceeded; No freshness signal"
"/products/dark-couverture-811/","92","100","93","94","18.9","169.5","68.7","935","47","Dark Couverture 811 (54.5%) Supplier in Chennai | Vikranth","CSS budget exceeded; No freshness signal"
"/products/dark-truffle-shells/","92","100","100","88","18.8","169.5","68.7","932","47","Dark Truffle Shells Supplier in Chennai | Vikranth","CSS budget exceeded; No freshness signal"
"/products/dextrose-monohydrate/","90","100","100","88","19.1","169.5","68.7","941","49","Dextrose Monohydrate Supplier in Chennai | Vikranth","CSS budget exceeded; No freshness signal"
"/products/dia-baguette/","92","100","100","88","18.9","169.5","68.7","932","47","Dia Baguette Supplier in Chennai | Vikranth","CSS budget exceeded; No freshness signal"
"/products/diaandlight-chocolate/","92","100","100","94","18.9","169.5","68.7","935","47","Dia&amp;light Chocolate Supplier in Chennai | Vikranth","CSS budget exceeded; No freshness signal"
"/products/diaandlight-v-crema/","92","100","100","94","19","169.5","68.7","935","47","Dia&amp;light V Crema (Vanilla) Supplier in Chennai | Vikranth","CSS budget exceeded; No freshness signal"
"/products/distilled-monoglycerides/","92","100","100","88","18.9","169.5","68.7","933","47","Distilled Monoglycerides (DMG) Supplier in Chennai | Vikranth","CSS budget exceeded; No freshness signal"
"/products/dolce-latte/","92","100","100","94","18.9","169.5","68.7","935","47","Dolce Latte Supplier in Chennai | Vikranth","CSS budget exceeded; No freshness signal"
"/products/dolcelatte-cream/","92","100","100","94","18.9","169.5","68.7","934","47","Dolcelatte Cream Supplier in Chennai | Vikranth","CSS budget exceeded; No freshness signal"
"/products/ecuador-single-origin/","92","100","93","88","18.9","169.5","68.7","932","47","Ecuador Single Origin (70.4%) Supplier in Chennai | Vikranth","CSS budget exceeded; No freshness signal"
"/products/eggless-molten-lava-cake-mix/","92","100","100","88","19","169.5","68.7","932","47","Eggless Molten Lava Cake Mix Supplier in Chennai | Vikranth","CSS budget exceeded; No freshness signal"
"/products/excellence-whipping-cream-35-3/","92","100","93","88","19","169.5","68.7","932","47","Excellence Whipping Cream 35.3% Supplier in Chennai | Vikranth","CSS budget exceeded; No freshness signal"
"/products/excellence/","92","100","100","88","18.8","169.5","68.7","931","47","Excellence (55%) Supplier in Chennai | Vikranth","CSS budget exceeded; No freshness signal"
"/products/extra-black/","92","100","100","94","18.9","169.5","68.7","935","47","Extra Black Supplier in Chennai | Vikranth","CSS budget exceeded; No freshness signal"
"/products/extra-brute-cocoa-powder/","92","94","100","94","18.8","169.5","68.7","932","47","Extra Brute Cocoa Powder (22/24% Fat) Supplier in Chennai | Vikranth","CSS budget exceeded; No freshness signal"
"/products/extra-dry-butter-84/","92","100","100","88","19","169.5","68.7","931","47","Extra Dry Butter 84% Supplier in Chennai | Vikranth","CSS budget exceeded; No freshness signal"
"/products/extra-pure-vanillin/","92","100","100","88","19","169.5","68.7","929","47","Extra Pure Vanillin Supplier in Chennai | Vikranth","CSS budget exceeded; No freshness signal"
"/products/extra-santo-domingo/","92","100","100","94","18.9","169.5","68.7","935","47","Extra Santo Domingo Supplier in Chennai | Vikranth","CSS budget exceeded; No freshness signal"
"/products/extrabitter-guayaquil/","92","100","100","88","18.9","169.5","68.7","932","47","Extrabitter Guayaquil (64%) Supplier in Chennai | Vikranth","CSS budget exceeded; No freshness signal"
"/products/favorites-mi-amere/","92","100","100","88","18.8","169.5","68.7","932","47","Favorites Mi-Amere (58%) Supplier in Chennai | Vikranth","CSS budget exceeded; No freshness signal"
"/products/finamul-90/","92","100","100","88","18.8","169.5","68.7","928","47","Finamul 90 Supplier in Chennai | Vikranth","CSS budget exceeded; No freshness signal"
"/products/fior-d-arancio-new/","92","100","100","94","18.9","169.5","68.7","935","47","Fior D&#x27;arancio New Supplier in Chennai | Vikranth","CSS budget exceeded; No freshness signal"
"/products/fior-d-mango/","92","100","100","94","19","169.5","68.7","935","47","Fior D&#x27;Mango Supplier in Chennai | Vikranth","CSS budget exceeded; No freshness signal"
"/products/fiordi-bosco/","92","100","100","94","18.9","169.5","68.7","935","47","Fiordi Bosco Supplier in Chennai | Vikranth","CSS budget exceeded; No freshness signal"
"/products/fiordifragola/","92","100","100","94","18.9","169.5","68.7","934","47","Fiordifragola Supplier in Chennai | Vikranth","CSS budget exceeded; No freshness signal"
"/products/fiordilampone/","92","100","100","94","18.9","169.5","68.7","934","47","Fiordilampone Supplier in Chennai | Vikranth","CSS budget exceeded; No freshness signal"
"/products/fiordizenzero/","92","100","100","94","18.9","169.5","68.7","934","47","Fiordizenzero Supplier in Chennai | Vikranth","CSS budget exceeded; No freshness signal"
"/products/flavours-and-natural-ingredients/","92","94","100","88","18.9","169.5","68.7","925","47","Natural Food and Beverage Ingredients Supplier in Chennai | Vikranth","CSS budget exceeded; No freshness signal"
"/products/formic-acid/","92","100","100","88","18.9","169.5","68.7","929","47","Formic Acid Supplier in Chennai | Vikranth","CSS budget exceeded; No freshness signal"
"/products/french-vanilla/","92","100","100","94","18.9","169.5","68.7","934","47","French Vanilla Supplier in Chennai | Vikranth","CSS budget exceeded; No freshness signal"
"/products/fruit-crush/","92","100","100","88","18.8","169.5","68.7","928","47","Fruit Crush Supplier in Chennai | Vikranth","CSS budget exceeded; No freshness signal"
"/products/fruit-filling/","92","100","100","88","18.8","169.5","68.7","929","47","Fruit Filling Supplier in Chennai | Vikranth","CSS budget exceeded; No freshness signal"
"/products/fruit-of-the-forest-frozen/","92","100","100","88","18.8","169.5","68.7","932","47","Fruit of the Forest Frozen Supplier in Chennai | Vikranth","CSS budget exceeded; No freshness signal"
"/products/fruit-pectin-nh/","92","100","100","88","18.9","169.5","68.7","931","47","Fruit Pectin NH Supplier in Chennai | Vikranth","CSS budget exceeded; No freshness signal"
"/products/full-fat-soya-flour/","92","100","100","88","18.9","169.5","68.7","929","47","Full-Fat Soya Flour Supplier in Chennai | Vikranth","CSS budget exceeded; No freshness signal"
"/products/fumaric-acid/","92","100","100","88","18.9","169.5","68.7","929","47","Fumaric Acid Supplier in Chennai | Vikranth","CSS budget exceeded; No freshness signal"
"/products/funky-malty/","92","100","100","94","18.9","169.5","68.7","935","47","Funky Malty Supplier in Chennai | Vikranth","CSS budget exceeded; No freshness signal"
"/products/gelatin-120-bloom/","92","100","100","88","19","169.5","68.7","932","47","Gelatin 120 Bloom Supplier in Chennai | Vikranth","CSS budget exceeded; No freshness signal"
"/products/gelatin-160-bloom/","92","100","100","88","18.9","169.5","68.7","932","47","Gelatin 160 Bloom Supplier in Chennai | Vikranth","CSS budget exceeded; No freshness signal"
"/products/gelatin-180-bloom/","92","100","100","88","19","169.5","68.7","932","47","Gelatin 180 Bloom Supplier in Chennai | Vikranth","CSS budget exceeded; No freshness signal"
"/products/gelmix/","92","100","100","94","18.9","169.5","68.7","935","47","Gelmix Supplier in Chennai | Vikranth","CSS budget exceeded; No freshness signal"
"/products/genu-pectin-mrs-115/","92","100","100","88","18.9","169.5","68.7","929","47","GENU® Pectin MRS 115 Supplier in Chennai | Vikranth","CSS budget exceeded; No freshness signal"
"/products/genu-pectin/","92","100","100","88","18.9","169.5","68.7","929","47","Genu Pectin Supplier in Chennai | Vikranth","CSS budget exceeded; No freshness signal"
"/products/ghana/","94","100","100","88","18.8","169.5","68.7","931","47","Ghana (40%) Supplier in Chennai | Vikranth","CSS budget exceeded; No freshness signal"
"/products/gianduja/","92","100","100","94","18.9","169.5","68.7","935","47","Gianduja Supplier in Chennai | Vikranth","CSS budget exceeded; No freshness signal"
"/products/ginger-lemon/","92","100","100","94","18.9","169.5","68.7","935","47","Ginger Lemon Supplier in Chennai | Vikranth","CSS budget exceeded; No freshness signal"
"/products/glaze-gel/","92","100","100","88","18.8","169.5","68.7","928","47","Glaze Gel Supplier in Chennai | Vikranth","CSS budget exceeded; No freshness signal"
"/products/glucose-d/","92","100","100","88","18.9","169.5","68.7","931","47","Glucose D Supplier in Chennai | Vikranth","CSS budget exceeded; No freshness signal"
"/products/gms-flakes/","92","100","100","88","18.9","169.5","68.7","931","47","GMS Flakes Supplier in Chennai | Vikranth","CSS budget exceeded; No freshness signal"
"/products/gms-powder/","92","100","100","88","18.9","169.5","68.7","932","47","GMS Powder Supplier in Chennai | Vikranth","CSS budget exceeded; No freshness signal"
"/products/gold-chocolate/","92","100","93","94","18.9","169.5","68.7","935","47","Gold Chocolate (30.4%) Supplier in Chennai | Vikranth","CSS budget exceeded; No freshness signal"
"/products/grainex/","92","100","100","88","18.9","169.5","68.7","932","47","Grainex Supplier in Chennai | Vikranth","CSS budget exceeded; No freshness signal"
"/products/granfrutta-ananas/","92","100","100","94","18.9","169.5","68.7","934","47","Granfrutta Ananas Supplier in Chennai | Vikranth","CSS budget exceeded; No freshness signal"
"/products/granfrutta-avocado-party/","92","100","100","94","18.9","169.5","68.7","935","47","Granfrutta Avocado Party Supplier in Chennai | Vikranth","CSS budget exceeded; No freshness signal"
"/products/granfrutta-dragonsummer/","92","100","100","94","18.9","169.5","68.7","935","47","Granfrutta Dragonsummer Supplier in Chennai | Vikranth","CSS budget exceeded; No freshness signal"
"/products/granfrutta-fragola/","92","100","100","94","18.9","169.5","68.7","935","47","Granfrutta Fragola Supplier in Chennai | Vikranth","CSS budget exceeded; No freshness signal"
"/products/granfrutta-guapa/","92","100","100","94","18.9","169.5","68.7","934","47","Granfrutta Guapa Supplier in Chennai | Vikranth","CSS budget exceeded; No freshness signal"
"/products/granfrutta-lampone/","92","100","100","94","18.9","169.5","68.7","935","47","Granfrutta Lampone Supplier in Chennai | Vikranth","CSS budget exceeded; No freshness signal"
"/products/granfrutta-litchi/","92","100","100","94","18.9","169.5","68.7","934","47","Granfrutta Litchi Supplier in Chennai | Vikranth","CSS budget exceeded; No freshness signal"
"/products/granfrutta-mango-alphonso/","92","100","100","94","18.9","169.5","68.7","935","47","Granfrutta Mango Alphonso Supplier in Chennai | Vikranth","CSS budget exceeded; No freshness signal"
"/products/granfrutta-melon/","92","100","100","94","18.9","169.5","68.7","934","47","Granfrutta Melon Supplier in Chennai | Vikranth","CSS budget exceeded; No freshness signal"
"/products/grapes/","92","100","100","94","18.9","169.5","68.7","935","47","Grapes (Uva) Supplier in Chennai | Vikranth","CSS budget exceeded; No freshness signal"
"/products/green-apple/","92","100","100","94","18.9","169.5","68.7","935","47","Green Apple Supplier in Chennai | Vikranth","CSS budget exceeded; No freshness signal"
"/products/green-tea-matcha/","92","100","100","94","18.9","169.5","68.7","934","47","Green Tea Matcha Supplier in Chennai | Vikranth","CSS budget exceeded; No freshness signal"
"/products/guar-gum/","92","100","100","88","18.9","169.5","68.7","928","47","Guar Gum Supplier in Chennai | Vikranth","CSS budget exceeded; No freshness signal"
"/products/hazelnut-praline-pra-660/","92","100","100","94","18.7","169.5","68.7","932","47","Hazelnut Praline PRA 660 Supplier in Chennai | Vikranth","CSS budget exceeded; No freshness signal"
"/products/hazelnut-praline-pra-663/","92","100","100","94","18.7","169.5","68.7","932","47","Hazelnut Praline PRA 663 Supplier in Chennai | Vikranth","CSS budget exceeded; No freshness signal"
"/products/high-maltose-syrups/","92","100","100","88","18.9","169.5","68.7","932","47","High Maltose Syrups Supplier in Chennai | Vikranth","CSS budget exceeded; No freshness signal"
"/products/honeycomb/","92","100","100","94","18.9","169.5","68.7","935","47","Honeycomb Supplier in Chennai | Vikranth","CSS budget exceeded; No freshness signal"
"/products/hot-glaze-fruit/","92","100","100","88","18.9","169.5","68.7","931","47","Hot Glaze Fruit Supplier in Chennai | Vikranth","CSS budget exceeded; No freshness signal"
"/products/hot-glaze-neutral/","92","100","100","88","18.9","169.5","68.7","931","47","Hot Glaze Neutral Supplier in Chennai | Vikranth","CSS budget exceeded; No freshness signal"
"/products/ice-cream-stabilizer/","92","100","100","88","18.9","169.5","68.7","929","47","Ice Cream Stabilizer Supplier in Chennai | Vikranth","CSS budget exceeded; No freshness signal"
"/products/inaya/","92","100","100","88","18.8","169.5","68.7","932","47","Inaya (65%) Supplier in Chennai | Vikranth","CSS budget exceeded; No freshness signal"
"/products/indonesia-cocoa-powder-bg-1000-2000/","92","94","100","88","18.9","169.5","68.7","932","47","Indonesia cocoa powder - BG 1000/2000 Supplier in Chennai | Vikranth","CSS budget exceeded; No freshness signal"
"/products/instacrumble-limone-gf/","92","100","100","88","18.8","169.5","68.7","932","47","Instacrumble Limone GF Supplier in Chennai | Vikranth","CSS budget exceeded; No freshness signal"
"/products/instacrumble-pistacchio/","92","100","100","88","18.8","169.5","68.7","932","47","Instacrumble Pistacchio Supplier in Chennai | Vikranth","CSS budget exceeded; No freshness signal"
"/products/instantized-whey-protein/","92","100","100","88","18.9","169.5","68.7","929","47","Instantized Whey Protein Supplier in Chennai | Vikranth","CSS budget exceeded; No freshness signal"
"/products/invert-sugar/","92","100","100","88","18.9","169.5","68.7","929","47","Invert Sugar Supplier in Chennai | Vikranth","CSS budget exceeded; No freshness signal"
"/products/isomalt/","92","100","100","88","18.8","169.5","68.7","928","47","Isomalt Supplier in Chennai | Vikranth","CSS budget exceeded; No freshness signal"
"/products/java-single-origin/","92","100","93","88","18.8","169.5","68.7","932","47","Java Single Origin (32.5%) Supplier in Chennai | Vikranth","CSS budget exceeded; No freshness signal"
"/products/kiwi/","92","100","100","94","18.9","169.5","68.7","935","47","Kiwi Supplier in Chennai | Vikranth","CSS budget exceeded; No freshness signal"
"/products/kraftkorn/","92","100","100","88","18.9","169.5","68.7","932","47","Kraftkorn Supplier in Chennai | Vikranth","CSS budget exceeded; No freshness signal"
"/products/kulfi-cream/","92","100","100","88","18.8","169.5","68.7","932","47","Kulfi Cream Supplier in Chennai | Vikranth","CSS budget exceeded; No freshness signal"
"/products/lactee-barry/","92","100","93","88","18.8","169.5","68.7","932","47","Lactée Barry (35.3%) Supplier in Chennai | Vikranth","CSS budget exceeded; No freshness signal"
"/products/lime-puree/","92","100","100","88","18.8","169.5","68.7","932","47","Lime Puree Supplier in Chennai | Vikranth","CSS budget exceeded; No freshness signal"
"/products/lime/","92","100","100","94","18.9","169.5","68.7","935","47","Lime Supplier in Chennai | Vikranth","CSS budget exceeded; No freshness signal"
"/products/limetta-variegato/","92","100","100","94","19","169.5","68.7","935","47","Limetta Variegato (Kaffir Lime) Supplier in Chennai | Vikranth","CSS budget exceeded; No freshness signal"
"/products/liquid-glucose/","90","100","100","88","19.1","169.5","68.7","945","50","Liquid Glucose Supplier in Chennai | Vikranth","CSS budget exceeded; No freshness signal"
"/products/macp/","92","100","100","88","19","169.5","68.7","932","47","MACP (Mono Acid Calcium Phosphate) Supplier in Chennai | Vikranth","CSS budget exceeded; No freshness signal"
"/products/madagascar-single-origin/","92","100","93","88","18.9","169.5","68.7","932","47","Madagascar Single Origin (67.4%) Supplier in Chennai | Vikranth","CSS budget exceeded; No freshness signal"
"/products/maize-starch-powder/","92","100","100","88","19","169.5","68.7","932","47","Maize Starch Powder Supplier in Chennai | Vikranth","CSS budget exceeded; No freshness signal"
"/products/maize-starch/","90","100","100","88","19","169.5","68.7","941","49","Maize Starch Supplier in Chennai | Vikranth","CSS budget exceeded; No freshness signal"
"/products/malaga/","92","100","100","94","18.9","169.5","68.7","935","47","Malaga Supplier in Chennai | Vikranth","CSS budget exceeded; No freshness signal"
"/products/malic-acid/","92","100","100","88","18.9","169.5","68.7","928","47","Malic Acid Supplier in Chennai | Vikranth","CSS budget exceeded; No freshness signal"
"/products/malt-extract-powder/","92","100","100","88","19","169.5","68.7","929","47","Malt Extract Powder Supplier in Chennai | Vikranth","CSS budget exceeded; No freshness signal"
"/products/maltitol/","92","100","100","88","18.9","169.5","68.7","928","47","Maltitol Supplier in Chennai | Vikranth","CSS budget exceeded; No freshness signal"
"/products/maltodextrin-powder/","90","100","100","88","19.1","169.5","68.7","941","49","Maltodextrin Powder Supplier in Chennai | Vikranth","CSS budget exceeded; No freshness signal"
"/products/mandarine-puree/","92","100","100","88","18.8","169.5","68.7","932","47","Mandarine Puree Supplier in Chennai | Vikranth","CSS budget exceeded; No freshness signal"
"/products/mandorla-pasta-alla/","92","100","100","94","18.9","169.5","68.7","935","47","Mandorla Pasta Alla Supplier in Chennai | Vikranth","CSS budget exceeded; No freshness signal"
"/products/mandorla/","92","100","100","88","18.8","169.5","68.7","932","47","Mandorla Supplier in Chennai | Vikranth","CSS budget exceeded; No freshness signal"
"/products/mango-alfonso/","92","100","100","94","18.9","169.5","68.7","934","47","Mango Alfonso Supplier in Chennai | Vikranth","CSS budget exceeded; No freshness signal"
"/products/mango-puree/","92","100","100","88","18.8","169.5","68.7","932","47","Mango Puree Supplier in Chennai | Vikranth","CSS budget exceeded; No freshness signal"
"/products/mastic-paste/","92","100","100","88","18.8","169.5","68.7","932","47","Mastic Paste Supplier in Chennai | Vikranth","CSS budget exceeded; No freshness signal"
"/products/mec-fibra-plus/","92","100","100","94","18.9","169.5","68.7","934","47","Mec Fibra Plus Supplier in Chennai | Vikranth","CSS budget exceeded; No freshness signal"
"/products/mecroche-plus/","92","100","100","94","18.9","169.5","68.7","934","47","Mecroche Plus Supplier in Chennai | Vikranth","CSS budget exceeded; No freshness signal"
"/products/mecroche/","92","100","100","94","18.9","169.5","68.7","935","47","Mecroche Supplier in Chennai | Vikranth","CSS budget exceeded; No freshness signal"
"/products/milk-chips/","92","100","100","88","18.8","169.5","68.7","932","47","Milk Chips Supplier in Chennai | Vikranth","CSS budget exceeded; No freshness signal"
"/products/milk-chocolate-coated-cereals/","92","100","100","94","18.9","169.5","68.7","932","47","Milk Chocolate Coated Cereals Supplier in Chennai | Vikranth","CSS budget exceeded; No freshness signal"
"/products/milk-chocolate-malchoc-milk-33-9/","94","94","93","88","18.9","169.5","68.7","931","47","Milk Chocolate (MALCHOC - Milk 33.9%) Supplier in Chennai | Vikranth","CSS budget exceeded; No freshness signal"
"/products/milk-chocolate/","92","100","100","88","18.8","169.5","68.7","932","47","Milk Chocolate Supplier in Chennai | Vikranth","CSS budget exceeded; No freshness signal"
"/products/milk-chocomass/","92","100","100","88","18.8","169.5","68.7","932","47","Milk Chocomass Supplier in Chennai | Vikranth","CSS budget exceeded; No freshness signal"
"/products/milk-couverture-823/","92","100","93","94","18.9","169.5","68.7","935","47","Milk Couverture 823 (33.6%) Supplier in Chennai | Vikranth","CSS budget exceeded; No freshness signal"
"/products/milk-powder-added-glucose/","92","100","100","88","19","169.5","68.7","929","47","Milk Powder Added Glucose Supplier in Chennai | Vikranth","CSS budget exceeded; No freshness signal"
"/products/milk-truffle-shells/","92","100","100","88","18.8","169.5","68.7","932","47","Milk Truffle Shells Supplier in Chennai | Vikranth","CSS budget exceeded; No freshness signal"
"/products/mini-chocolate-roll-eggless-33-g/","92","100","100","100","19","169.5","68.7","932","47","Mini Chocolate Roll Eggless 33 g Supplier in Chennai | Vikranth","CSS budget exceeded; No freshness signal"
"/products/mini-cinnamon-whirl-eggless-33-g/","92","100","100","100","19","169.5","68.7","932","47","Mini Cinnamon Whirl Eggless 33 g Supplier in Chennai | Vikranth","CSS budget exceeded; No freshness signal"
"/products/minimix/","92","88","100","94","18.9","169.5","68.7","932","47","Minimix (Dark, Milk, White Mini Crispearls) Supplier in Chennai | Vikranth","CSS budget exceeded; No freshness signal"
"/products/mint-n-c/","92","100","93","94","18.9","169.5","68.7","935","47","Mint N.C. Supplier in Chennai | Vikranth","CSS budget exceeded; No freshness signal"
"/products/mint/","92","100","100","94","18.8","169.5","68.7","935","47","Mint Supplier in Chennai | Vikranth","CSS budget exceeded; No freshness signal"
"/products/mycryo-cocoa-butter/","92","100","100","94","18.8","169.5","68.7","932","47","Mycryo Cocoa Butter Supplier in Chennai | Vikranth","CSS budget exceeded; No freshness signal"
"/products/neapolitan-pizza-flour/","92","100","100","88","18.9","169.5","68.7","932","47","Neapolitan Pizza Flour Supplier in Chennai | Vikranth","CSS budget exceeded; No freshness signal"
"/products/neropan/","92","100","100","88","18.9","169.5","68.7","932","47","Neropan Supplier in Chennai | Vikranth","CSS budget exceeded; No freshness signal"
"/products/neutralin/","92","100","100","94","18.9","169.5","68.7","935","47","Neutralin Supplier in Chennai | Vikranth","CSS budget exceeded; No freshness signal"
"/products/nocciola-prima-fine/","92","100","100","94","18.9","169.5","68.7","935","47","Nocciola Prima Fine Supplier in Chennai | Vikranth","CSS budget exceeded; No freshness signal"
"/products/ocoa/","92","100","100","88","18.8","169.5","68.7","932","47","Ocoa (70%) Supplier in Chennai | Vikranth","CSS budget exceeded; No freshness signal"
"/products/orange-blood-orange/","92","100","100","94","18.9","169.5","68.7","935","47","Orange-Blood Orange Supplier in Chennai | Vikranth","CSS budget exceeded; No freshness signal"
"/products/orange-nagpur-orange/","92","100","100","94","18.9","169.5","68.7","935","47","Orange-Nagpur Orange Supplier in Chennai | Vikranth","CSS budget exceeded; No freshness signal"
"/products/orange-oil/","92","100","100","88","18.9","169.5","68.7","929","47","Orange Oil Supplier in Chennai | Vikranth","CSS budget exceeded; No freshness signal"
"/products/paillete-feuilletine-m7-french-biscuit-crunch/","92","88","100","94","18.8","169.5","68.7","931","47","Paillete Feuilletine - M7 French Biscuit Crunch Supplier in Chennai | Vikranth","CSS budget exceeded; No freshness signal"
"/products/pale-gianduja/","92","88","100","94","18.8","169.5","68.7","932","47","Pale Gianduja (Milk Chocolate + Hazelnut) Supplier in Chennai | Vikranth","CSS budget exceeded; No freshness signal"
"/products/pane-luciane/","92","100","100","88","18.9","169.5","68.7","932","47","Pane Luciane Supplier in Chennai | Vikranth","CSS budget exceeded; No freshness signal"
"/products/panna-base-mec3/","92","100","100","88","18.9","169.5","68.7","932","47","Panna Base MEC3 Supplier in Chennai | Vikranth","CSS budget exceeded; No freshness signal"
"/products/panna-base/","92","100","100","94","18.9","169.5","68.7","935","47","Panna Base Supplier in Chennai | Vikranth","CSS budget exceeded; No freshness signal"
"/products/passion-fruit-crispy/","92","100","100","88","18.8","169.5","68.7","932","47","Passion Fruit Crispy Supplier in Chennai | Vikranth","CSS budget exceeded; No freshness signal"
"/products/passion-fruit-filling/","92","100","100","94","18.8","169.5","68.7","932","47","Passion Fruit Filling Supplier in Chennai | Vikranth","CSS budget exceeded; No freshness signal"
"/products/passion-fruit-puree/","92","100","100","88","18.8","169.5","68.7","931","47","Passion Fruit Puree Supplier in Chennai | Vikranth","CSS budget exceeded; No freshness signal"
"/products/passion-fruit/","92","100","100","94","18.9","169.5","68.7","934","47","Passion Fruit Supplier in Chennai | Vikranth","CSS budget exceeded; No freshness signal"
"/products/pasta-fragola-rossa/","92","100","100","94","18.9","169.5","68.7","935","47","Pasta Fragola Rossa Supplier in Chennai | Vikranth","CSS budget exceeded; No freshness signal"
"/products/pasta-nocciola-selection/","92","100","100","94","19","169.5","68.7","935","47","Pasta Nocciola Selection Supplier in Chennai | Vikranth","CSS budget exceeded; No freshness signal"
"/products/pasta-pera/","92","100","100","94","18.9","169.5","68.7","935","47","Pasta Pera Supplier in Chennai | Vikranth","CSS budget exceeded; No freshness signal"
"/products/pasta-speculoos-concentrata/","92","100","100","94","18.9","169.5","68.7","935","47","Pasta Speculoos Concentrata Supplier in Chennai | Vikranth","CSS budget exceeded; No freshness signal"
"/products/peach/","92","100","100","94","18.9","169.5","68.7","935","47","Peach Supplier in Chennai | Vikranth","CSS budget exceeded; No freshness signal"
"/products/pectina-325-nh-95/","92","100","100","88","18.9","169.5","68.7","931","47","Pectina 325 NH 95 Supplier in Chennai | Vikranth","CSS budget exceeded; No freshness signal"
"/products/pesto-pistacchio-ciuri-ciuri/","92","100","100","94","18.9","169.5","68.7","935","47","Pesto Pistacchio Ciuri Ciuri Supplier in Chennai | Vikranth","CSS budget exceeded; No freshness signal"
"/products/pgpr/","92","100","100","88","18.8","169.5","68.7","929","47","PGPR Supplier in Chennai | Vikranth","CSS budget exceeded; No freshness signal"
"/products/phosphoric-acid/","92","100","100","88","18.9","169.5","68.7","929","47","Phosphoric Acid Supplier in Chennai | Vikranth","CSS budget exceeded; No freshness signal"
"/products/pineapple-crispy/","92","100","100","88","18.8","169.5","68.7","931","47","Pineapple Crispy Supplier in Chennai | Vikranth","CSS budget exceeded; No freshness signal"
"/products/pineapple-filling/","92","100","100","94","18.8","169.5","68.7","931","47","Pineapple Filling Supplier in Chennai | Vikranth","CSS budget exceeded; No freshness signal"
"/products/pineapple-puree/","92","100","100","88","18.8","169.5","68.7","931","47","Pineapple Puree Supplier in Chennai | Vikranth","CSS budget exceeded; No freshness signal"
"/products/pineapple/","92","100","100","94","18.9","169.5","68.7","935","47","Pineapple Supplier in Chennai | Vikranth","CSS budget exceeded; No freshness signal"
"/products/pistacchio-copa-d-oro/","92","100","100","94","19","169.5","68.7","935","47","Pistacchio Copa D&#x27;Oro Supplier in Chennai | Vikranth","CSS budget exceeded; No freshness signal"
"/products/pistachio-california/","92","100","100","94","18.9","169.5","68.7","935","47","Pistachio California Supplier in Chennai | Vikranth","CSS budget exceeded; No freshness signal"
"/products/pistachio-pure-100-sicily/","92","100","100","94","18.9","169.5","68.7","935","47","Pistachio Pure 100% Sicily Supplier in Chennai | Vikranth","CSS budget exceeded; No freshness signal"
"/products/plein-arome-cocoa-powder/","92","94","100","94","18.8","169.5","68.7","932","47","Plein Arôme Cocoa Powder (22/24% Fat) Supplier in Chennai | Vikranth","CSS budget exceeded; No freshness signal"
"/products/plum-cake-premix/","92","100","100","88","18.9","169.5","68.7","931","47","Plum Cake Premix Supplier in Chennai | Vikranth","CSS budget exceeded; No freshness signal"
"/products/pomegranate/","92","100","100","94","18.9","169.5","68.7","935","47","Pomegranate Supplier in Chennai | Vikranth","CSS budget exceeded; No freshness signal"
"/products/potassium-metabisulphite/","92","100","100","88","18.9","169.5","68.7","929","47","Potassium Metabisulphite (KMS) Supplier in Chennai | Vikranth","CSS budget exceeded; No freshness signal"
"/products/potassium-sorbate/","92","100","100","88","18.9","169.5","68.7","929","47","Potassium Sorbate Supplier in Chennai | Vikranth","CSS budget exceeded; No freshness signal"
"/products/potato-starch/","92","100","100","88","18.9","169.5","68.7","929","47","Potato Starch Supplier in Chennai | Vikranth","CSS budget exceeded; No freshness signal"
"/products/potatowhip/","92","100","100","88","18.8","169.5","68.7","932","47","Potatowhip Supplier in Chennai | Vikranth","CSS budget exceeded; No freshness signal"
"/products/praline-feuilletine/","92","100","100","94","18.7","169.5","68.7","931","47","Praline Feuilletine Supplier in Chennai | Vikranth","CSS budget exceeded; No freshness signal"
"/products/propylene-glycol-monostearate/","90","94","100","88","19","169.5","68.7","936","48","Propylene Glycol Monostearate (PGMS) Supplier in Chennai | Vikranth","CSS budget exceeded; No freshness signal"
"/products/propylene-glycol/","92","100","100","88","18.9","169.5","68.7","929","47","Propylene Glycol (PG) Supplier in Chennai | Vikranth","CSS budget exceeded; No freshness signal"
"/products/puff-dough-square/","92","100","100","88","18.9","169.5","68.7","931","47","Puff Dough Square Supplier in Chennai | Vikranth","CSS budget exceeded; No freshness signal"
"/products/puff-paratha/","92","100","100","88","18.9","169.5","68.7","932","47","Puff Paratha Supplier in Chennai | Vikranth","CSS budget exceeded; No freshness signal"
"/products/pure-hazelnut-paste/","92","100","100","94","18.7","169.5","68.7","931","47","Pure Hazelnut Paste Supplier in Chennai | Vikranth","CSS budget exceeded; No freshness signal"
"/products/pure-pistachio-paste/","92","100","100","94","18.7","169.5","68.7","931","47","Pure Pistachio Paste Supplier in Chennai | Vikranth","CSS budget exceeded; No freshness signal"
"/products/pure-sicily-pistachio/","92","100","100","94","18.9","169.5","68.7","935","47","Pure Sicily Pistachio Supplier in Chennai | Vikranth","CSS budget exceeded; No freshness signal"
"/products/quark/","92","100","100","94","18.8","169.5","68.7","935","47","Quark Supplier in Chennai | Vikranth","CSS budget exceeded; No freshness signal"
"/products/quell-altra-crunchy/","92","100","100","94","18.9","169.5","68.7","935","47","Quell Altra Crunchy Supplier in Chennai | Vikranth","CSS budget exceeded; No freshness signal"
"/products/quella-amarena-crunchy/","92","100","100","88","18.8","169.5","68.7","932","47","Quella Amarena Crunchy Supplier in Chennai | Vikranth","CSS budget exceeded; No freshness signal"
"/products/quella-arancia-e-mandorle/","92","100","100","94","18.9","169.5","68.7","935","47","Quella Arancia E Mandorle Supplier in Chennai | Vikranth","CSS budget exceeded; No freshness signal"
"/products/quella-coffee-and-crystals/","92","100","100","94","18.9","169.5","68.7","935","47","Quella Coffee &amp; Crystals Supplier in Chennai | Vikranth","CSS budget exceeded; No freshness signal"
"/products/quella-coffee/","92","100","100","94","18.9","169.5","68.7","934","47","Quella Coffee Supplier in Chennai | Vikranth","CSS budget exceeded; No freshness signal"
"/products/quella-crunchy/","92","100","100","94","18.9","169.5","68.7","934","47","Quella Crunchy Supplier in Chennai | Vikranth","CSS budget exceeded; No freshness signal"
"/products/quella-dark-chocolate-flavour/","92","100","100","94","19","169.5","68.7","935","47","Quella Dark Chocolate Flavour Supplier in Chennai | Vikranth","CSS budget exceeded; No freshness signal"
"/products/quella-dark/","92","100","100","94","18.9","169.5","68.7","935","47","Quella Dark Supplier in Chennai | Vikranth","CSS budget exceeded; No freshness signal"
"/products/quella-lamponi-e-nocciole/","92","100","100","94","18.9","169.5","68.7","935","47","Quella Lamponi E Nocciole Supplier in Chennai | Vikranth","CSS budget exceeded; No freshness signal"
"/products/quella-mango-and-passion-crunchy/","92","100","100","88","18.9","169.5","68.7","932","47","Quella Mango &amp; Passion Crunchy Supplier in Chennai | Vikranth","CSS budget exceeded; No freshness signal"
"/products/quella-milky/","92","100","100","94","18.9","169.5","68.7","935","47","Quella Milky Supplier in Chennai | Vikranth","CSS budget exceeded; No freshness signal"
"/products/quella-pistacchio-crunchy/","92","100","100","94","18.9","169.5","68.7","935","47","Quella Pistacchio Crunchy Supplier in Chennai | Vikranth","CSS budget exceeded; No freshness signal"
"/products/quella-ruby/","92","100","100","94","18.9","169.5","68.7","935","47","Quella Ruby Supplier in Chennai | Vikranth","CSS budget exceeded; No freshness signal"
"/products/quella-vaniglia/","92","100","100","94","18.9","169.5","68.7","934","47","Quella Vaniglia Supplier in Chennai | Vikranth","CSS budget exceeded; No freshness signal"
"/products/quella-yogo/","92","100","100","94","18.9","169.5","68.7","935","47","Quella Yogo Supplier in Chennai | Vikranth","CSS budget exceeded; No freshness signal"
"/products/quella/","92","100","100","94","18.8","169.5","68.7","935","47","Quella Supplier in Chennai | Vikranth","CSS budget exceeded; No freshness signal"
"/products/quellatra/","92","100","100","94","18.9","169.5","68.7","935","47","Quellatra Supplier in Chennai | Vikranth","CSS budget exceeded; No freshness signal"
"/products/quello-crunchy/","92","100","100","94","18.9","169.5","68.7","934","47","Quello Crunchy Supplier in Chennai | Vikranth","CSS budget exceeded; No freshness signal"
"/products/quello/","92","100","100","94","18.8","169.5","68.7","935","47","Quello Supplier in Chennai | Vikranth","CSS budget exceeded; No freshness signal"
"/products/raspberry-crispy/","92","100","100","88","18.8","169.5","68.7","931","47","Raspberry Crispy Supplier in Chennai | Vikranth","CSS budget exceeded; No freshness signal"
"/products/raspberry-filling/","92","100","100","94","18.8","169.5","68.7","931","47","Raspberry Filling Supplier in Chennai | Vikranth","CSS budget exceeded; No freshness signal"
"/products/raspberry-frozen/","92","100","100","88","18.8","169.5","68.7","931","47","Raspberry Frozen Supplier in Chennai | Vikranth","CSS budget exceeded; No freshness signal"
"/products/raspberry-puree/","92","100","100","88","18.8","169.5","68.7","932","47","Raspberry Puree Supplier in Chennai | Vikranth","CSS budget exceeded; No freshness signal"
"/products/raspberry/","92","100","100","94","18.9","169.5","68.7","935","47","Raspberry Supplier in Chennai | Vikranth","CSS budget exceeded; No freshness signal"
"/products/red-cherry-filling/","92","100","100","94","18.8","169.5","68.7","931","47","Red Cherry Filling Supplier in Chennai | Vikranth","CSS budget exceeded; No freshness signal"
"/products/red-currant-frozen/","92","100","100","88","18.8","169.5","68.7","931","47","Red Currant Frozen Supplier in Chennai | Vikranth","CSS budget exceeded; No freshness signal"
"/products/red-fruit-croquant/","92","100","100","88","18.9","169.5","68.7","932","47","Red Fruit Croquant Supplier in Chennai | Vikranth","CSS budget exceeded; No freshness signal"
"/products/red-velvet-cake-mix/","92","100","100","88","18.9","169.5","68.7","932","47","Red Velvet Cake Mix Supplier in Chennai | Vikranth","CSS budget exceeded; No freshness signal"
"/products/refined-glycerine/","92","100","100","88","18.9","169.5","68.7","932","47","Refined Glycerine Supplier in Chennai | Vikranth","CSS budget exceeded; No freshness signal"
"/products/rhubarb-frozen/","92","100","100","88","18.8","169.5","68.7","932","47","Rhubarb Frozen Supplier in Chennai | Vikranth","CSS budget exceeded; No freshness signal"
"/products/roggenfix/","92","100","100","88","18.9","169.5","68.7","932","47","Roggenfix Supplier in Chennai | Vikranth","CSS budget exceeded; No freshness signal"
"/products/rose-paste/","92","100","100","94","18.9","169.5","68.7","935","47","Rose Paste Supplier in Chennai | Vikranth","CSS budget exceeded; No freshness signal"
"/products/ruby-chocolate-coated-cereals/","92","100","100","94","18.9","169.5","68.7","932","47","Ruby Chocolate Coated Cereals Supplier in Chennai | Vikranth","CSS budget exceeded; No freshness signal"
"/products/ruby-chocolate/","92","100","93","94","18.9","169.5","68.7","935","47","Ruby Chocolate (47.3%) Supplier in Chennai | Vikranth","CSS budget exceeded; No freshness signal"
"/products/saccharin/","92","100","100","88","18.9","169.5","68.7","928","47","Saccharin Supplier in Chennai | Vikranth","CSS budget exceeded; No freshness signal"
"/products/saffron-cream/","92","100","100","88","18.8","169.5","68.7","932","47","Saffron Cream Supplier in Chennai | Vikranth","CSS budget exceeded; No freshness signal"
"/products/saint-domingue/","92","100","100","88","18.8","169.5","68.7","932","47","Saint Domingue (70%) Supplier in Chennai | Vikranth","CSS budget exceeded; No freshness signal"
"/products/salted-butter-caramel-conc/","92","100","93","94","18.9","169.5","68.7","935","47","Salted Butter Caramel Conc. Supplier in Chennai | Vikranth","CSS budget exceeded; No freshness signal"
"/products/salted-caramel-flavored-cocoa-based-cereals/","92","88","100","94","18.9","169.5","68.7","931","47","Salted Caramel Flavored Cocoa Based Cereals Supplier in Chennai | Vikranth","CSS budget exceeded; No freshness signal"
"/products/samosa-patti-250-g/","92","100","100","100","18.9","169.5","68.7","931","47","Samosa Patti 250 g Supplier in Chennai | Vikranth","CSS budget exceeded; No freshness signal"
"/products/samosa-patti-500-g/","92","100","100","100","18.9","169.5","68.7","931","47","Samosa Patti 500 g Supplier in Chennai | Vikranth","CSS budget exceeded; No freshness signal"
"/products/sao-thome-single-origin/","92","100","100","88","18.9","169.5","68.7","932","47","Sao Thome Single Origin (70%) Supplier in Chennai | Vikranth","CSS budget exceeded; No freshness signal"
"/products/sapp/","92","100","100","88","19","169.5","68.7","929","47","SAPP (Sodium Acid Pyrophosphate) Supplier in Chennai | Vikranth","CSS budget exceeded; No freshness signal"
"/products/saucetec/","92","100","100","88","18.8","169.5","68.7","928","47","Saucetec Supplier in Chennai | Vikranth","CSS budget exceeded; No freshness signal"
"/products/shredded-filo/","92","100","100","88","18.9","169.5","68.7","932","47","Shredded Filo (Kunafa) Supplier in Chennai | Vikranth","CSS budget exceeded; No freshness signal"
"/products/sicilian-pistachio-quella/","92","100","100","94","18.9","169.5","68.7","935","47","Sicilian Pistachio Quella Supplier in Chennai | Vikranth","CSS budget exceeded; No freshness signal"
"/products/sima-cake-mix/","92","100","100","88","19","169.5","68.7","932","47","Sima Cake Mix Supplier in Chennai | Vikranth","CSS budget exceeded; No freshness signal"
"/products/skimmed-milk-powder/","92","100","100","88","18.9","169.5","68.7","932","47","Skimmed Milk Powder Supplier in Chennai | Vikranth","CSS budget exceeded; No freshness signal"
"/products/sms/","92","100","100","88","18.8","169.5","68.7","929","47","SMS Supplier in Chennai | Vikranth","CSS budget exceeded; No freshness signal"
"/products/sodium-alginate-fg/","92","100","100","88","18.9","169.5","68.7","929","47","Sodium Alginate FG Supplier in Chennai | Vikranth","CSS budget exceeded; No freshness signal"
"/products/sodium-benzoate/","92","100","100","88","18.9","169.5","68.7","929","47","Sodium Benzoate Supplier in Chennai | Vikranth","CSS budget exceeded; No freshness signal"
"/products/sodium-bicarbonate/","92","100","100","88","18.9","169.5","68.7","929","47","Sodium Bicarbonate Supplier in Chennai | Vikranth","CSS budget exceeded; No freshness signal"
"/products/sodium-citrate/","92","100","100","88","18.8","169.5","68.7","929","47","Sodium Citrate Supplier in Chennai | Vikranth","CSS budget exceeded; No freshness signal"
"/products/sodium-cmc-stabilizer-grade/","92","100","100","88","18.9","169.5","68.7","923","47","Sodium CMC Stabilizer Grade Supplier in Chennai | Vikranth","CSS budget exceeded; No freshness signal"
"/products/sodium-cmc-thick-shake-grade/","92","100","100","88","18.9","169.5","68.7","923","47","Sodium CMC Thick Shake Grade Supplier in Chennai | Vikranth","CSS budget exceeded; No freshness signal"
"/products/sodium-cmc/","92","100","100","88","18.9","169.5","68.7","932","47","Sodium CMC Supplier in Chennai | Vikranth","CSS budget exceeded; No freshness signal"
"/products/sodium-propionate/","92","100","100","88","19","169.5","68.7","932","47","Sodium Propionate Supplier in Chennai | Vikranth","CSS budget exceeded; No freshness signal"
"/products/softin/","92","100","100","94","18.9","169.5","68.7","935","47","Softin Supplier in Chennai | Vikranth","CSS budget exceeded; No freshness signal"
"/products/softy-ice-cream-mix/","92","100","100","88","18.9","169.5","68.7","931","47","Softy Ice Cream Mix Supplier in Chennai | Vikranth","CSS budget exceeded; No freshness signal"
"/products/sorbic-acid/","92","100","100","88","18.9","169.5","68.7","929","47","Sorbic Acid Supplier in Chennai | Vikranth","CSS budget exceeded; No freshness signal"
"/products/sorbitan-monostearate/","92","100","100","88","18.9","169.5","68.7","932","47","Sorbitan Monostearate Supplier in Chennai | Vikranth","CSS budget exceeded; No freshness signal"
"/products/sorbitol-70-solution/","92","100","100","88","19","169.5","68.7","932","47","Sorbitol 70% Solution Supplier in Chennai | Vikranth","CSS budget exceeded; No freshness signal"
"/products/sour-cherry-frozen/","92","100","100","88","18.8","169.5","68.7","931","47","Sour Cherry Frozen Supplier in Chennai | Vikranth","CSS budget exceeded; No freshness signal"
"/products/soya-lecithin/","92","100","100","88","18.8","169.5","68.7","929","47","Soya Lecithin Supplier in Chennai | Vikranth","CSS budget exceeded; No freshness signal"
"/products/soya-protein/","92","100","100","88","18.8","169.5","68.7","929","47","Soya Protein Supplier in Chennai | Vikranth","CSS budget exceeded; No freshness signal"
"/products/spring-roll-sheets-10x10/","92","100","100","88","18.9","169.5","68.7","932","47","Spring Roll Sheets 10x10 Supplier in Chennai | Vikranth","CSS budget exceeded; No freshness signal"
"/products/spring-roll-sheets-6x6/","92","100","100","88","18.9","169.5","68.7","932","47","Spring Roll Sheets 6x6 Supplier in Chennai | Vikranth","CSS budget exceeded; No freshness signal"
"/products/spring-roll-sheets-8x8/","92","100","100","88","18.9","169.5","68.7","932","47","Spring Roll Sheets 8x8 Supplier in Chennai | Vikranth","CSS budget exceeded; No freshness signal"
"/products/sticky-toffee/","92","100","100","88","18.8","169.5","68.7","932","47","Sticky Toffee Supplier in Chennai | Vikranth","CSS budget exceeded; No freshness signal"
"/products/strawberry-c/","92","100","93","94","18.9","169.5","68.7","934","47","Strawberry C. Supplier in Chennai | Vikranth","CSS budget exceeded; No freshness signal"
"/products/strawberry-crispy/","92","100","100","88","18.8","169.5","68.7","931","47","Strawberry Crispy Supplier in Chennai | Vikranth","CSS budget exceeded; No freshness signal"
"/products/strawberry-filling/","92","100","100","94","18.8","169.5","68.7","931","47","Strawberry Filling Supplier in Chennai | Vikranth","CSS budget exceeded; No freshness signal"
"/products/strawberry-frozen/","92","100","100","88","18.8","169.5","68.7","931","47","Strawberry Frozen Supplier in Chennai | Vikranth","CSS budget exceeded; No freshness signal"
"/products/strawberry-l/","92","100","93","94","18.9","169.5","68.7","934","47","Strawberry L. Supplier in Chennai | Vikranth","CSS budget exceeded; No freshness signal"
"/products/strawberry-puree/","92","100","100","88","18.8","169.5","68.7","931","47","Strawberry Puree Supplier in Chennai | Vikranth","CSS budget exceeded; No freshness signal"
"/products/sucralose/","92","100","100","88","18.9","169.5","68.7","928","47","Sucralose Supplier in Chennai | Vikranth","CSS budget exceeded; No freshness signal"
"/products/sucrose/","92","100","100","88","18.9","169.5","68.7","928","47","Sucrose Supplier in Chennai | Vikranth","CSS budget exceeded; No freshness signal"
"/products/sugar-paste-rolling-fondant/","92","100","100","88","19","169.5","68.7","932","47","Sugar Paste / Rolling Fondant Supplier in Chennai | Vikranth","CSS budget exceeded; No freshness signal"
"/products/sweet-mascarpone/","92","100","100","94","18.9","169.5","68.7","934","47","Sweet Mascarpone Supplier in Chennai | Vikranth","CSS budget exceeded; No freshness signal"
"/products/sweetpearl-p-200-maltitol/","92","100","100","88","19","169.5","68.7","929","47","SWEETPEARL® P 200 Maltitol Supplier in Chennai | Vikranth","CSS budget exceeded; No freshness signal"
"/products/sweetpearla-p-200-maltitol/","94","100","100","88","18.9","169.5","68.7","928","47","SWEETPEARLÂ® P 200 Maltitol Supplier in Chennai | Vikranth","CSS budget exceeded; No freshness signal"
"/products/t45-special-flour-for-baguette/","92","100","100","88","19","169.5","68.7","932","47","T45 Special Flour for Baguette Supplier in Chennai | Vikranth","CSS budget exceeded; No freshness signal"
"/products/t55-strong-flour-for-ciabatta/","92","100","100","88","19","169.5","68.7","932","47","T55 Strong Flour for Ciabatta Supplier in Chennai | Vikranth","CSS budget exceeded; No freshness signal"
"/products/tanzanie/","94","100","100","88","18.8","169.5","68.7","931","47","Tanzanie (75%) Supplier in Chennai | Vikranth","CSS budget exceeded; No freshness signal"
"/products/tartaric-acid/","92","100","100","88","18.9","169.5","68.7","929","47","Tartaric Acid Supplier in Chennai | Vikranth","CSS budget exceeded; No freshness signal"
"/products/thin-filo/","92","100","100","88","18.9","169.5","68.7","931","47","Thin Filo (Baklava) Supplier in Chennai | Vikranth","CSS budget exceeded; No freshness signal"
"/products/tiramisu-variegato/","92","100","100","94","18.9","169.5","68.7","935","47","Tiramisu Variegato Supplier in Chennai | Vikranth","CSS budget exceeded; No freshness signal"
"/products/tiramisu-without-alcohol/","92","100","100","94","18.9","169.5","68.7","935","47","Tiramisu without Alcohol Supplier in Chennai | Vikranth","CSS budget exceeded; No freshness signal"
"/products/tropical-filling/","92","100","100","94","18.8","169.5","68.7","931","47","Tropical Filling Supplier in Chennai | Vikranth","CSS budget exceeded; No freshness signal"
"/products/uht-mascarpone/","92","100","100","88","19","169.5","68.7","932","47","UHT Mascarpone Supplier in Chennai | Vikranth","CSS budget exceeded; No freshness signal"
"/products/ultragelmix/","92","100","100","94","18.9","169.5","68.7","935","47","Ultragelmix Supplier in Chennai | Vikranth","CSS budget exceeded; No freshness signal"
"/products/vanilla-madagaskar/","92","100","100","94","18.9","169.5","68.7","935","47","Vanilla Madagaskar Supplier in Chennai | Vikranth","CSS budget exceeded; No freshness signal"
"/products/variegato-blond-brownie/","92","100","100","88","18.8","169.5","68.7","932","47","Variegato Blond Brownie Supplier in Chennai | Vikranth","CSS budget exceeded; No freshness signal"
"/products/variegato-caramel-butterscotch/","92","100","100","88","18.9","169.5","68.7","932","47","Variegato Caramel Butterscotch Supplier in Chennai | Vikranth","CSS budget exceeded; No freshness signal"
"/products/variegato-coffee-fudge/","92","100","100","88","18.8","169.5","68.7","932","47","Variegato Coffee Fudge Supplier in Chennai | Vikranth","CSS budget exceeded; No freshness signal"
"/products/variegato-crispy-peanut/","92","100","100","88","18.8","169.5","68.7","932","47","Variegato Crispy Peanut Supplier in Chennai | Vikranth","CSS budget exceeded; No freshness signal"
"/products/variegato-dubai-chocolate/","92","100","100","88","18.8","169.5","68.7","932","47","Variegato Dubai Chocolate Supplier in Chennai | Vikranth","CSS budget exceeded; No freshness signal"
"/products/variegato-milk-and-cream/","92","100","100","88","18.8","169.5","68.7","932","47","Variegato Milk &amp; Cream Supplier in Chennai | Vikranth","CSS budget exceeded; No freshness signal"
"/products/variegato-speculoos-spekulatius/","92","100","100","94","19","169.5","68.7","935","47","Variegato Speculoos Spekulatius Supplier in Chennai | Vikranth","CSS budget exceeded; No freshness signal"
"/products/velvet-blueberry/","92","100","100","88","18.8","169.5","68.7","931","47","Velvet Blueberry Supplier in Chennai | Vikranth","CSS budget exceeded; No freshness signal"
"/products/venezuela/","92","100","100","88","18.8","169.5","68.7","931","47","Venezuela (72%) Supplier in Chennai | Vikranth","CSS budget exceeded; No freshness signal"
"/products/vinegar/","92","100","100","88","18.9","169.5","68.7","931","47","Vinegar Supplier in Chennai | Vikranth","CSS budget exceeded; No freshness signal"
"/products/vital-wheat-gluten/","92","100","100","88","18.9","169.5","68.7","932","47","Vital Wheat Gluten Supplier in Chennai | Vikranth","CSS budget exceeded; No freshness signal"
"/products/vx2t-improver/","92","100","100","88","18.9","169.5","68.7","932","47","VX2T Improver Supplier in Chennai | Vikranth","CSS budget exceeded; No freshness signal"
"/products/waffle-mix/","92","100","100","88","18.9","169.5","68.7","932","47","Waffle Mix Supplier in Chennai | Vikranth","CSS budget exceeded; No freshness signal"
"/products/watermelon/","92","100","100","94","18.9","169.5","68.7","935","47","Watermelon Supplier in Chennai | Vikranth","CSS budget exceeded; No freshness signal"
"/products/whey-powder/","92","100","100","88","18.9","169.5","68.7","932","47","Whey Powder Supplier in Chennai | Vikranth","CSS budget exceeded; No freshness signal"
"/products/whey-protein/","92","100","100","88","18.9","169.5","68.7","932","47","Whey Protein Supplier in Chennai | Vikranth","CSS budget exceeded; No freshness signal"
"/products/whisky-concentrato/","92","100","100","94","18.9","169.5","68.7","935","47","Whisky Concentrato Supplier in Chennai | Vikranth","CSS budget exceeded; No freshness signal"
"/products/whisky-variegato/","92","100","100","94","18.9","169.5","68.7","934","47","Whisky Variegato Supplier in Chennai | Vikranth","CSS budget exceeded; No freshness signal"
"/products/white-chips/","92","100","100","88","18.8","169.5","68.7","932","47","White Chips Supplier in Chennai | Vikranth","CSS budget exceeded; No freshness signal"
"/products/white-chocolate-coated-cereals/","92","100","100","94","18.9","169.5","68.7","932","47","White Chocolate Coated Cereals Supplier in Chennai | Vikranth","CSS budget exceeded; No freshness signal"
"/products/white-chocolate-malchoc-white-30-6/","92","88","93","88","18.9","169.5","68.7","931","47","White Chocolate (MALCHOC - White 30.6%) Supplier in Chennai | Vikranth","CSS budget exceeded; No freshness signal"
"/products/white-chocolate/","92","100","100","88","18.8","169.5","68.7","932","47","White Chocolate Supplier in Chennai | Vikranth","CSS budget exceeded; No freshness signal"
"/products/white-chocomass/","92","100","100","88","18.8","169.5","68.7","932","47","White Chocomass Supplier in Chennai | Vikranth","CSS budget exceeded; No freshness signal"
"/products/white-couverture-w2/","92","100","93","94","18.9","169.5","68.7","934","47","White Couverture W2 (28.0%) Supplier in Chennai | Vikranth","CSS budget exceeded; No freshness signal"
"/products/white-truffle-shells/","92","100","100","88","18.8","169.5","68.7","932","47","White Truffle Shells Supplier in Chennai | Vikranth","CSS budget exceeded; No freshness signal"
"/products/whole-freeze-dried-raspberries/","92","100","100","88","18.9","169.5","68.7","932","47","Whole Freeze-Dried Raspberries Supplier in Chennai | Vikranth","CSS budget exceeded; No freshness signal"
"/products/whole-milk-powder/","92","100","100","88","19","169.5","68.7","929","47","Whole Milk Powder Supplier in Chennai | Vikranth","CSS budget exceeded; No freshness signal"
"/products/wildberry/","92","100","100","94","18.9","169.5","68.7","935","47","Wildberry Supplier in Chennai | Vikranth","CSS budget exceeded; No freshness signal"
"/products/xanthan-gum/","92","100","100","88","18.9","169.5","68.7","929","47","Xanthan Gum Supplier in Chennai | Vikranth","CSS budget exceeded; No freshness signal"
"/products/yocrispy/","92","100","100","88","18.8","169.5","68.7","932","47","Yocrispy Supplier in Chennai | Vikranth","CSS budget exceeded; No freshness signal"
"/products/yoghin/","92","100","100","94","18.9","169.5","68.7","935","47","Yoghin (Yoghurt) Supplier in Chennai | Vikranth","CSS budget exceeded; No freshness signal"
"/products/zephyr-caramel/","92","100","100","88","18.8","169.5","68.7","932","47","Zephyr Caramel (35%) Supplier in Chennai | Vikranth","CSS budget exceeded; No freshness signal"
"/site-map/","95","94","53","90","30.8","169.8","68.7","1654","45","Complete Sitemap | Food Ingredient Supplier in Chennai","CSS budget exceeded; No FAQ schema; No freshness signal"
"/terms/","96","100","63","88","13.8","169.9","68.7","770","45","Terms of Use | Vikranth Chemical Corporation","CSS budget exceeded; No FAQ schema"